{
  "Johor": {
    "Linear_Regression": {
      "R2": 0.8492705862295798,
      "RMSE": 17.581120115203362,
      "MAE": 16.692708333333332
    },
    "Random_Forest": {
      "R2": 0.9538160598179456,
      "RMSE": 9.731796682353481,
      "MAE": 9.526666666666642
    }
  },
  "Kedah": {
    "Linear_Regression": {
      "R2": 0.3436095160799917,
      "RMSE": 26.24725278980725,
      "MAE": 23.305989583333332
    },
    "Random_Forest": {
      "R2": 0.03985142917637097,
      "RMSE": 31.744751797213137,
      "MAE": 28.719999999999988
    }
  },
  "Kelantan": {
    "Linear_Regression": {
      "R2": -0.22390355819310903,
      "RMSE": 5.641054202276453,
      "MAE": 5.151041666666667
    },
    "Random_Forest": {
      "R2": -0.021187179487182295,
      "RMSE": 5.152753309315976,
      "MAE": 4.960000000000008
    }
  },
  "F.T Labuan": {
    "Linear_Regression": {
      "R2": -1.6352720260620117,
      "RMSE": 1.3254614356421972,
      "MAE": 1.111328125
    },
    "Random_Forest": {
      "R2": -1.708700000000003,
      "RMSE": 1.343800580443394,
      "MAE": 1.0933333333333337
    }
  },
  "Melaka": {
    "Linear_Regression": {
      "R2": 0.7059306931370404,
      "RMSE": 6.108529086790589,
      "MAE": 5.135416666666667
    },
    "Random_Forest": {
      "R2": 0.4413960595446581,
      "RMSE": 8.419063685074095,
      "MAE": 6.876666666666665
    }
  },
  "Negeri Sembilan": {
    "Linear_Regression": {
      "R2": 0.07662146861158958,
      "RMSE": 15.314638323272812,
      "MAE": 12.3046875
    },
    "Random_Forest": {
      "R2": 0.7431912073490807,
      "RMSE": 8.0764740656634,
      "MAE": 7.283333333333341
    }
  },
  "Pulau Pinang": {
    "Linear_Regression": {
      "R2": 0.3851726976640385,
      "RMSE": 18.876614600506144,
      "MAE": 17.994791666666668
    },
    "Random_Forest": {
      "R2": 0.549378316717792,
      "RMSE": 16.16045482033224,
      "MAE": 13.509999999999991
    }
  },
  "Pahang": {
    "Linear_Regression": {
      "R2": 0.5910453346422428,
      "RMSE": 16.654192923317638,
      "MAE": 14.864583333333334
    },
    "Random_Forest": {
      "R2": 0.7717640399737882,
      "RMSE": 12.44165181959372,
      "MAE": 11.323333333333323
    }
  },
  "Perak": {
    "Linear_Regression": {
      "R2": -0.7572869632325838,
      "RMSE": 56.376824619400715,
      "MAE": 36.791666666666664
    },
    "Random_Forest": {
      "R2": -0.3900955952819767,
      "RMSE": 50.14199404358256,
      "MAE": 32.35666666666668
    }
  },
  "Perlis": {
    "Linear_Regression": {
      "R2": -0.5542407091059738,
      "RMSE": 9.458075252378517,
      "MAE": 7.479166666666667
    },
    "Random_Forest": {
      "R2": -0.2887652509652505,
      "RMSE": 8.612525761935345,
      "MAE": 6.313333333333333
    }
  },
  "Selangor": {
    "Linear_Regression": {
      "R2": 0.7861696250932151,
      "RMSE": 77.87072164470865,
      "MAE": 50.94014259793524
    },
    "Random_Forest": {
      "R2": 0.9177750560292132,
      "RMSE": 48.28823079522944,
      "MAE": 33.2166666666667
    }
  },
  "Terengganu": {
    "Linear_Regression": {
      "R2": 0.586081746073854,
      "RMSE": 12.748799984377614,
      "MAE": 9.833333333333334
    },
    "Random_Forest": {
      "R2": 0.6620458404074698,
      "RMSE": 11.519693282953913,
      "MAE": 9.606666666666664
    }
  }
}